"Source","Target"
"0","16"
"0","14"
"1","19"
"1","31"
"1","32"
"1","39"
"2","18"
"2","45"
"3","10"
"3","11"
"3","21"
"3","24"
"3","25"
"3","43"
"3","42"
"3","8"
"4","20"
"4","31"
"4","39"
"5","16"
"5","11"
"5","27"
"5","34"
"6","19"
"6","32"
"6","38"
"6","39"
"6","45"
"7","28"
"7","26"
"7","36"
"7","40"
"7","46"
"8","3"
"8","16"
"8","11"
"8","24"
"8","25"
"10","3"
"10","11"
"10","36"
"10","43"
"11","3"
"11","5"
"11","10"
"11","12"
"11","16"
"11","27"
"11","34"
"11","36"
"11","8"
"12","11"
"13","28"
"13","40"
"14","0"
"14","16"
"14","37"
"15","35"
"15","40"
"15","41"
"16","0"
"16","5"
"16","11"
"16","24"
"16","27"
"16","29"
"16","14"
"16","8"
"17","22"
"18","2"
"18","40"
"18","45"
"19","1"
"19","6"
"19","32"
"19","45"
"20","4"
"20","21"
"20","31"
"20","39"
"20","42"
"21","3"
"21","20"
"21","38"
"21","39"
"21","43"
"21","42"
"21","46"
"22","17"
"24","3"
"24","16"
"24","44"
"24","42"
"24","8"
"25","3"
"25","8"
"26","7"
"26","28"
"26","36"
"26","40"
"27","5"
"27","11"
"27","16"
"28","7"
"28","13"
"28","26"
"28","40"
"29","16"
"30","38"
"30","46"
"31","1"
"31","4"
"31","20"
"31","39"
"32","1"
"32","6"
"32","19"
"32","39"
"34","5"
"34","11"
"35","15"
"35","40"
"35","41"
"36","7"
"36","10"
"36","11"
"36","26"
"36","40"
"36","43"
"36","46"
"37","14"
"38","6"
"38","21"
"38","30"
"38","39"
"38","46"
"39","1"
"39","4"
"39","6"
"39","20"
"39","21"
"39","31"
"39","32"
"39","38"
"40","7"
"40","13"
"40","15"
"40","18"
"40","28"
"40","26"
"40","35"
"40","36"
"40","46"
"41","15"
"41","35"
"42","3"
"42","20"
"42","21"
"42","24"
"43","3"
"43","10"
"43","21"
"43","36"
"43","46"
"44","24"
"45","2"
"45","6"
"45","18"
"45","19"
"46","7"
"46","21"
"46","30"
"46","36"
"46","38"
"46","40"
"46","43"
